,id,Year,State,Crop_Type,Rainfall,Soil_Type,Irrigation_Area,Crop_Yield (kg/ha)
0,1001,2021,Punjab,Wheat,556.9,Loamy,3500.7,5201.711036104262
1,1002,2020,Punjab,Wheat,602.6,Loamy,3509.5,4629.611563736699
2,1003,2019,Punjab,Rice,578.6,alluvial,3091.8,4065.148349390665
3,1004,2018,Punjab,Rice,598.3,alluvial,3057.9,3975.2683181343095
4,1005,2017,Punjab,Rice,493.0,alluvial,3033.0,4028.790127107936
5,1006,2014,Punjab,Bajra,384.9,Loamy,1.2,1026.968139484891
6,1007,2013,Punjab,Bajra,619.7,Loamy,3.81,929.630607167949
7,1008,2011,Punjab,Bajra,218.9,Loamy,2.5,875.1101392311897
