id,Crop_Yield (kg/ha)
1001,5201.711036104262
1002,4629.611563736699
1003,4065.148349390665
1004,3975.2683181343095
1005,4028.790127107936
1006,1026.968139484891
1007,929.630607167949
1008,875.1101392311897
