id,Crop_Yield (kg/ha)
1001,4942.712378856606
1002,4830.0543781016395
1003,4106.22118475639
1004,4046.534113271452
1005,4081.6973728537205
1006,1045.2388702685885
1007,990.0156418129544
1008,914.6764446940348
