,id,Year,State,Crop_Type,Rainfall,Soil_Type,Irrigation_Area,Crop_Yield (kg/ha)
0,1001,2021,Punjab,Wheat,556.9,Loamy,3500.7,4920.244878856605
1,1002,2020,Punjab,Wheat,602.6,Loamy,3509.5,4815.12187810164
2,1003,2019,Punjab,Rice,578.6,alluvial,3091.8,4079.0436847563906
3,1004,2018,Punjab,Rice,598.3,alluvial,3057.9,4041.3241132714516
4,1005,2017,Punjab,Rice,493.0,alluvial,3033.0,4078.3723728537207
5,1006,2014,Punjab,Bajra,384.9,Loamy,1.2,1041.7438702685886
6,1007,2013,Punjab,Bajra,619.7,Loamy,3.81,989.0031418129545
7,1008,2011,Punjab,Bajra,218.9,Loamy,2.5,918.7714446940348
